<?xml version="1.0" encoding="ISO-8859-1"?>
<transmission>
	<frequency>434.650.00</frequency>
	<mode>lsb</mode>
	<timings>continuous</timings>
	<txtype>
		<rtty>
			<shift>425</shift>
			<coding>ascii-8</coding>
			<baud>300</baud>
			<parity>none</parity>
			<stop>2</stop>
		</rtty>
	</txtype>
	<sentence>
		<sentence_delimiter>$$</sentence_delimiter>
		<field_delimiter>,</field_delimiter>
		<fields>xxxx</fields>
		<callsign>ALPHA</callsign>
		<field>
			<seq>1</seq>
			<name>CallSign</name>
			<type>Callsign</type>
			<encoding></encoding>
			<encoding2></encoding2>
			<scaling></scaling>
			<offset></offset>
			<unit></unit>
			<dp></dp>
		</field>
		<field>
			<seq>2</seq>
			<name>Count</name>
			<type>cycle_count</type>
			<encoding>Decimalinteger</encoding>
			<encoding2></encoding2>
			<scaling></scaling>
			<offset></offset>
			<unit></unit>
			<dp></dp>
		</field>
		<field>
			<seq>3</seq>
			<name>Time</name>
			<type>time</type>
			<encoding></encoding>
			<encoding2></encoding2>
			<scaling></scaling>
			<offset></offset>
			<unit></unit>
			<dp></dp>
		</field>
		<field>
			<seq>4</seq>
			<name>Latitude</name>
			<type>latitude</type>
			<encoding>DDDMMmm</encoding>
			<encoding2></encoding2>
			<scaling></scaling>
			<offset></offset>
			<unit></unit>
			<dp></dp>
		</field>		
		<field>
			<seq>5</seq>
			<name>Longitude</name>
			<type>longitude</type>
			<encoding>DDDMMmm</encoding>
			<encoding2></encoding2>
			<scaling></scaling>
			<offset></offset>
			<unit></unit>
			<dp></dp>
		</field>
		<field>
			<seq>6</seq>
			<name>Altitude</name>
			<type>altitude</type>
			<encoding>Decimalinteger</encoding>
			<encoding2></encoding2>
			<scaling></scaling>
			<offset></offset>
			<unit>metric</unit>
			<dp></dp>
		</field>
		<field>
			<seq>7</seq>
			<name>Sats</name>
			<type>sats</type>
			<encoding>Decimalinteger</encoding>
			<encoding2></encoding2>
			<scaling></scaling>
			<offset></offset>
			<unit></unit>
			<dp></dp>
		</field>	
		<field>
			<seq>8</seq>
			<name>Ex_Temp</name>
			<type>Sensor</type>
			<encoding>DecimalFloating</encoding>
			<encoding2></encoding2>
			<scaling></scaling>
			<offset></offset>
			<unit></unit>
			<dp>2</dp>
		</field>	
		<field>
			<seq>9</seq>
			<name>Int_Temp</name>
			<type>Sensor</type>
			<encoding>DecimalFloating</encoding>
			<encoding2></encoding2>
			<scaling></scaling>
			<offset></offset>
			<unit></unit>
			<dp>2</dp>
		</field>
		<field>
			<seq>10</seq>
			<name>Batt Volts</name>
			<type>Sensor</type>
			<encoding>DecimalFloating</encoding>
			<encoding2></encoding2>
			<scaling></scaling>
			<offset></offset>
			<unit></unit>
			<dp>2</dp>
		</field>
	</sentence>
</transmission>
